<?xml version="1.0" encoding="UTF-8" ?>
<!DOCTYPE mapper
        PUBLIC "-//mybatis.org//DTD Mapper 3.0//EN"
        "http://mybatis.org/dtd/mybatis-3-mapper.dtd">

<mapper namespace="com.nhnacademy.jdbc.board.domains.like.mapper.LikeMapper">
    <select id="getLikeCountByPostId" resultType="integer">
        select COUNT(*)
        from BoardLikes
        where post_id = #{postId}
    </select>

    <select id="selectCount" resultType="com.nhnacademy.jdbc.board.domains.like.domain.Like">
        select *
        from BoardLikes
        where post_id = #{postId}
          and user_id = #{userId}
    </select>

    <select id="selectCounts" resultType="com.nhnacademy.jdbc.board.domains.like.domain.Like">
        select *
        from BoardLikes
        where post_id = #{postId}
    </select>

    <insert id="insertLike">
        insert into BoardLikes(user_id, post_id, created_at)
        values (#{userId}, #{postId}, now())
    </insert>

    <delete id="deleteLike">
        delete
        from BoardLikes
        where post_id = #{postId}
          and user_id = #{userId}
    </delete>

    <delete id="deleteByPostId">
        delete
        from BoardLikes
        where post_id = #{postId}
    </delete>
</mapper>